{
    "anjuran": {
        "true_positive": 69,
        "true_negative": 1132,
        "false_positive": 45,
        "false_negative": 154,
        "accuracy": 0.8578571428571429,
        "precision": 0.6052631578947368,
        "recall": 0.3094170403587444,
        "f1_score": 0.4094955489614243
    },
    "larangan": {
        "true_positive": 121,
        "true_negative": 1205,
        "false_positive": 13,
        "false_negative": 61,
        "accuracy": 0.9471428571428572,
        "precision": 0.9029850746268657,
        "recall": 0.6648351648351648,
        "f1_score": 0.7658227848101266
    },
    "informasi": {
        "true_positive": 1259,
        "true_negative": 10,
        "false_positive": 128,
        "false_negative": 3,
        "accuracy": 0.9064285714285715,
        "precision": 0.9077144917087239,
        "recall": 0.9976228209191759,
        "f1_score": 0.9505473763684408
    },
    "overall_accuracy": 0.903809523809524
}